epoch,phase,accuracy
0,train,0.6440966315073154
0,test,0.6880733944954128
1,train,0.7145287512759442
1,test,0.7217125382262997
2,train,0.7363048656005444
2,test,0.7003058103975535
